minecraft_rap.gif	8	1000	1000	327360	3ad8abf33fdc11d2a9aecb20e23e7669
karaoke.gif	12	750	680	274662	3093f0c87ef5928895c3210d9385f991
celebration.gif	12	1000	1050	328308	e245aaa4dd09d182b7c438eeb96443fb
tako_drawing.gif	7	930	910	252888	67bde3d1429353908950a9f3508eef67
polkatsu.gif	6	1000	1000	309037	5a06aa546a70e6237ed5eca905ad3892
birth.gif	12	650	785	292951	6cb2676ef306241c190a3b21ef3a48a1
splash.gif	7	1250	760	438880	a4c367e6f656d86ab58aff39648ca3db
sword.gif	10	1000	1000	377611	434f6ea4caac0a734b66e5385d33ef23
portal.gif	16	1000	1000	462188	60a80c39cbbd62a4ce05ddca34fa4acf
violet.gif	8	850	950	254060	f1b0cc83528b23783e4f911dd3e0498a
bomb_defusal.gif	5	1200	850	258171	d2dcb150160f860e6da97398687caa11
EliraGotCake2021.gif	13	1000	1200	586115	b01f1f178e1b80baee63bf1aa2520bb3
PetraBday2021.gif	8	1000	1000	253586	e9b5066656ba4f7e46aab991786b8b26
gold_mining.gif	6	720	720	130299	c334380c8487c9c4ae38499a5c7d14a0
paindora.gif	7	1000	1000	301592	5fe9789ee0ccd5f20d273e66397e2ab3
supermarket.gif	4	820	770	154814	5747cc6d4583f674c641d42f86c20ec3
among_us.gif	6	1600	800	450905	fcd7e94ec4cd6f2ec467e3664216e6ba
this_is_true.gif	48	900	900	1958182	61e22ce95c3d7befcc4b6340c11a3dea
cake2.gif	13	1000	1000	509276	c4664702ecbd6885c5c9782bc30d2714
Coco.gif	8	900	900	252747	fdb805ab1bc46092719c8c4df86c4391
rubber_chickens.gif	5	1200	680	278960	c31578cca19d3a804acb3ff129dad071
Ame_Birthday_2022.gif	30	720	880	625843	531b48c2b7b6e1653c215dae4d86e3c5
holobirds.gif	6	1000	1000	283175	e713c5044d765205e77100bcb9776230
crunchy_marshmallow.gif	19	890	800	565502	f5a42a29bafc98aad8115dc51004a067
baseball.gif	12	1000	1000	387880	19a4413df62c36ed19f0239fdd463d6c
long_jump.gif	25	1700	1000	895965	680ef24cb71be1a8f82b8d4684249f19
eat.gif	4	1000	750	195744	f742a6025b1c900a0ff4c43723a6214d
gravity_gun.gif	12	1000	1000	407283	f080ec49410df9167541d6aae34d2248
cake1.gif	8	750	850	224556	f1b54a67750893ce720368d9fdb21299
spin.gif	12	1000	1000	378317	cdc579281a9d5a1721c998d8c236c4f5
toilet_rap.gif	8	900	900	285284	2d0cc50834dd72f9373dee19e0034869
I_m_walkin_here.gif	8	1050	665	261504	4808a091a5805406e405c70af8cf609c
SelenBday2021.gif	7	1000	1000	243997	86c7f1fa983a54d96692287a8ea40119
ground_pound.gif	29	1000	1300	937562	a1d55bb0c6ec62415a6f59b946f88005
windows.gif	14	1000	1000	418961	8b8bccdf6c91956874bf76649e5d6630
cash.gif	5	1000	1000	197324	07cae30fa492b2da84e761234b1c5f0b
mascot.gif	7	1000	1000	214074	498af2a22a49cf738030bcdcada9f011
jumping.gif	12	1000	1190	430132	bb39e8fd5c4b8c6214f5c7fa1403f01e
reading.gif	11	630	665	246068	e4038dd198a3817b988b91bab7266c99
interrupted_by_bird.gif	6	860	835	185547	614204a3ed8894aa6bccb7668fb3515b
pizza.gif	15	1000	1000	657795	0385bb7ed879fa3855bf84e2409cb673
ameJAM.gif	11	850	1000	317730	9f162393b01869a6aa6c7a062de58cac
hammer.gif	9	1000	1000	324730	3f580aac34157700f0488c197396ed28
confession.gif	7	720	890	216268	b4255ee05bfb46d550b5bac25bcb23e6
bongo.gif	7	670	760	177941	909fe5bf9d7a97b9b3b8204a56d0fa72
kick_the_baby.gif	8	1000	1000	342764	c3c85b2beb1586f0a2581c732bbe806d
sand.gif	7	950	800	237074	d6c6230f46f480ac496de2254efb7d62
cyclone.gif	9	830	1000	386919	513835ff04b93b2518c8f36f72a502e4
fast.gif	7	640	860	176006	15a0221d305a8a67269b9e8b40f30eaa
controller_smash.gif	9	950	1000	325732	25c8b803a7e7fcea86af4ce6fcb87b61
camera.gif	7	615	690	138898	c340e6ee7f9df1fc715049d24d2989fe
tap_tap.gif	9	700	770	207345	ab71f50590b1b1a8658d31b637a6f2e1
driving.gif	10	880	870	281007	a2336d5e3f9462251fadb456cf87489d
christmas.gif	8	870	900	249596	67fc79f867ff82bca9c95671cb0353d9
dance1.gif	8	800	1000	222386	b442d2586e90f1089259abafd70e4e44
denied.gif	10	700	670	233724	abfc0ea4ba880e19e06a1b0a28aace6b
PPBirthday2021.gif	6	1000	1000	245840	117bc3b9cd0e82fe9ec98018ae577a51
taiko_shark.gif	8	870	770	267153	98c3e246a5de5716a2d81ff5d2f9f0c9
vacuum.gif	5	1000	670	177184	9236016788f3b188d83138e13172312e
consume_noodles.gif	7	735	685	188212	e9cdad8e1998da797aac72e4413bf4ec
mixing.gif	6	620	720	135595	2068f735d9d2e9cd127d4d4cf65a9fa4
snek.gif	6	920	720	122787	0c0b1bbd5469b9ba03b58532252ceb51
jump_rope.gif	9	1000	1000	299116	66507a71e389be823b1360763c7dac39
apex.gif	3	1250	900	166482	904b07c3e53d43ba8e76bf20763cf65d
roki.gif	6	1000	1000	237202	5fd9aca4845b1f9455a7ee1d8dcd2128
A_chan.gif	6	750	650	169293	048b03a2f9363e0e066c0be5ecb640bc
LazuLight_1_year.gif	6	1920	1080	454167	454d8ea75d25cac35dcaa2360e49de51
example.gif	3	540	670	55375	65116789752b3da5d064fb9f9bda7a5c
pogo.gif	11	1000	1400	366641	aa6e306881c555d5058910f96199fe93
popcorn.gif	11	815	950	367224	3024ffa7ccab82e4b9f8ffe114b547ce
butter_dog.gif	8	1000	1000	332933	689847e0ddb8b2403136822fad94854d
she_appears.gif	97	810	720	1042262	185cc2567a31761751679b21ef12fcf7
phogs.gif	8	1000	700	213770	e709d74de87518a65cb77cdbdf147285
dance.gif	8	745	920	215839	ca7f872ca8c5d1d65eb3d568b3cc008a
bubble_blower.gif	9	1200	800	427597	ea4d6f6b2bf83aa922f003606b547358
plug_play.gif	8	825	700	187233	aee96256a07049aaad0f1802f345841c
cake.gif	9	630	800	205487	40121823828b7a6864b4c38af90ef1ac
axeson.gif	9	1000	1000	263995	b148cd60c91dcf6ab6a15742cd8b4e21
battleblock.gif	8	1024	730	291769	036ad78b691e78e0206a6007d4700f4c
battle_for_pekora.gif	6	1100	940	362925	faf60027172789f31f00f1865db0312d
wake.gif	69	1054	720	1666595	b13f9e72617202917c59b1bd4ac7590e
bonk.gif	7	890	930	258075	e0908fc7e4bd26a55e2072d69c149e2b
recorder.gif	8	770	820	220166	4b7a7ba7b20d1fd07b22981890737c15
rotation.gif	24	1400	800	1172983	28f27ea55e99e01b48e3cc314d83188e
Doritos.gif	6	880	900	224758	22542dbfe7d9a13fd8720686d4691c86
fightstick.gif	6	850	870	226576	f1c388d61f009b8c687f28f24aed9392
Koragi_Birthday_2022.gif	15	1000	1000	523023	965373c0515e413a06abb6986e8dc193
birbday.gif	10	800	930	329581	8e352f1f6f9aaeba888f5ad2874ed809
marinara_sauce.gif	3	1115	625	146248	d185a9cf5295fe42fa860ab913de8d74
manager_summoning_ritual.gif	5	1500	700	283528	f9553906fba8c6502a522bd223df60e7
ukulele_practice.gif	6	720	720	158011	ea05b3235d4317a1e103cdacfa01026e
shark_rap.gif	7	700	740	194757	2482a994a719cf516c5d3efae3411d45
watson_parade.gif	8	2950	780	902654	e86ac85803958f4d5bba5a02a5b08ce9
wide.gif	55	990	720	1054127	fdffab2f542d72c9300f50c5bc819118
drinking_party.gif	12	830	685	269910	03d15d94a518dc1b90e5c80839c47ac6
skydiving_pals.gif	5	1000	870	187769	8810033bb8672eb4ed764d5cd142b14d
kecha.gif	8	1000	920	326691	3e9d2f7152f1e05859eb22801ef00fed
zoomer.gif	6	1000	720	138420	288748de1a27859814bae186e21ef99f
pomuJAM.gif	11	950	1230	511173	20ec43cffe2183570aec0085dbae5501
pomu.gif	6	1000	1000	324841	49a14985a2d9d0255295ac3d0005eb62
haachama_noodles.gif	6	840	610	186362	dbef7b5f295037d1c9aed9467d446a44
twelve_of_them.gif	22	1000	775	1639739	0149b4c9ba4fa5ebac878b8962c24d10
books.gif	13	1000	800	373207	df6bb0e123b22eac2b4f583fc07762f5
skate.gif	16	1000	1250	696268	1971fc48c617072617086e541093de29
a_way_out.gif	5	1000	1000	208075	6e349a9d26242259216d7254cf067e1b
skipping_class.gif	6	1200	1000	398466	caaa38d17aba38d05dbb6bd4e78b2640
boating.gif	5	1000	720	172238	aa77da717c570a9776d80dcd627920d8
bird.gif	7	770	715	222645	a6ccaae45d6166c7a7dcca67c7c1c8dc
cantaloupe.gif	18	1250	1080	919074	b55c80a19f8086acd08b48a49d83d9dc
bubba.gif	4	850	800	134822	d5e0572f6076e43fcd3c72b85d111d05
mythiversary.gif	3	1200	800	191739	185e4ba31f4b3dd03508c00bbad016b4
party.gif	9	875	1000	314628	c57327d5d0d9139e11e64d96f37fe2d6
calliop3.gif	23	1000	1000	502412	ee0f04f1d70e7e345b7775f34f5707e4
rhythm_gaming.gif	6	840	670	183416	25b472154492ce6e6d12fdfa80144e83
rolling.gif	19	900	900	465982	d0768fe5dc18fe81168dc1810428b19e
fitness_shark.gif	6	775	750	163643	71d5904eeb29b4e51f61737b23a25137
delicious_tears.gif	8	710	780	236228	52c1ae8080502a3d3b8adb628ccbb1de
Brosemi.gif	10	1000	1000	400080	66e0d545f3f0adf670ee345c07bcf9f8
rap.gif	7	800	840	202086	f1ff4e0522b1335cf2b7b917e681021c
Unravel.gif	8	890	950	230568	1db1a17f4e40baa41daa62b7f8e22517
spicy_noodles.gif	16	750	720	436015	4d0255638ce71e6cb8df2fcc322d0627
bee.gif	5	790	930	133644	31ff2c655e9d4b867e6bbcdf7ba19a75
cooking_simulator.gif	14	690	580	250425	0c1f06b2fe68009574b2f60999de345a